Rk,Wk,Date,Time,Day,Visitor,Pts,,Home,Pts,Notes
1,1,Aug 24 2024,12:00 PM,Sat,Georgia Tech,,N,(6) Florida State,,
2,1,Aug 24 2024,4:00 PM,Sat,Montana State,,@,New Mexico,,
3,1,Aug 24 2024,8:00 PM,Sat,(22) Southern Methodist,,@,Nevada,,
4,1,Aug 25 2024,12:00 AM,Sun,Delaware State,,@,Hawaii,,
5,2,Aug 29 2024,8:00 PM,Thu,Alcorn State,,@,Alabama-Birmingham,,
6,2,Aug 29 2024,7:30 PM,Thu,Arkansas-Pine Bluff,,@,Arkansas,,
7,2,Aug 29 2024,7:00 PM,Thu,Central Connecticut State,,@,Central Michigan,,
8,2,Aug 29 2024,8:00 PM,Thu,Coastal Carolina,,@,Jacksonville State,,
9,2,Aug 29 2024,7:30 PM,Thu,Duquesne,,@,Toledo,,
10,2,Aug 29 2024,9:00 PM,Thu,Eastern Illinois,,@,Illinois,,
11,2,Aug 29 2024,7:00 PM,Thu,Fordham,,@,Bowling Green,,
12,2,Aug 29 2024,6:00 PM,Thu,Howard,,@,Rutgers,,
13,2,Aug 29 2024,7:00 PM,Thu,Jackson State,,@,Louisiana-Monroe,,
14,2,Aug 29 2024,7:00 PM,Thu,Lafayette,,@,Buffalo,,
15,2,Aug 29 2024,8:00 PM,Thu,Lindenwood,,@,(23) Kansas,,
16,2,Aug 29 2024,8:00 PM,Thu,Murray State,,@,(8) Missouri,,
17,2,Aug 29 2024,7:00 PM,Thu,New Hampshire,,@,Central Florida,,
18,2,Aug 29 2024,8:00 PM,Thu,North Carolina,,@,Minnesota,,
19,2,Aug 29 2024,7:00 PM,Thu,North Carolina A&T,,@,Wake Forest,,
20,2,Aug 29 2024,8:00 PM,Thu,North Dakota State,,@,Colorado,,
21,2,Aug 29 2024,8:00 PM,Thu,Northwestern State,,@,Tulsa,,
22,2,Aug 29 2024,10:00 PM,Thu,Sacramento State,,@,San Jose State,,
23,2,Aug 29 2024,8:00 PM,Thu,Southeastern Louisiana,,@,Tulane,,
24,2,Aug 29 2024,9:00 PM,Thu,Southern Utah,,@,Utah,,
25,2,Aug 29 2024,7:00 PM,Thu,Western Carolina,,@,(21) North Carolina State,,
26,2,Aug 30 2024,7:30 PM,Fri,Elon,,@,Duke,,
27,2,Aug 30 2024,7:00 PM,Fri,Florida Atlantic,,@,Michigan State,,
28,2,Aug 30 2024,6:00 PM,Fri,Lehigh,,@,Army,,
29,2,Aug 30 2024,7:00 PM,Fri,Temple,,@,(15) Oklahoma,,
30,2,Aug 30 2024,10:30 PM,Fri,Texas Christian,,@,Stanford,,
31,2,Aug 30 2024,9:00 PM,Fri,Western Michigan,,@,Wisconsin,,
32,2,Aug 31 2024,7:30 PM,Sat,Abilene Christian,,@,Texas Tech,,
33,2,Aug 31 2024,3:30 PM,Sat,Akron,,@,(10) Ohio State,,
34,2,Aug 31 2024,7:30 PM,Sat,Alabama A&M,,@,Auburn,,
35,2,Aug 31 2024,12:00 PM,Sat,Austin Peay,,@,(19) Louisville,,
36,2,Aug 31 2024,7:00 PM,Sat,Bethune-Cookman,,@,South Florida,,
37,2,Aug 31 2024,4:00 PM,Sat,Boise State,,@,Georgia Southern,,
38,2,Aug 31 2024,12:00 PM,Sat,Bucknell,,@,Navy,,
39,2,Aug 31 2024,5:00 PM,Sat,California-Davis,,@,California,,
40,2,Aug 31 2024,6:00 PM,Sat,Campbell,,@,(25) Liberty,,
41,2,Aug 31 2024,7:00 PM,Sat,Central Arkansas,,@,Arkansas State,,
42,2,Aug 31 2024,12:45 PM,Sat,Chattanooga,,@,(17) Tennessee,,
43,2,Aug 31 2024,3:30 PM,Sat,Colorado State,,@,(3) Texas,,
44,2,Aug 31 2024,12:00 PM,Sat,Connecticut,,@,Maryland,,
45,2,Aug 31 2024,3:30 PM,Sat,East Tennessee State,,@,Appalachian State,,
46,2,Aug 31 2024,6:00 PM,Sat,Eastern Kentucky,,@,Mississippi State,,
47,2,Aug 31 2024,3:30 PM,Sat,Eastern Michigan,,@,Massachusetts,,
48,2,Aug 31 2024,3:30 PM,Sat,Florida International,,@,Indiana,,
49,2,Aug 31 2024,7:30 PM,Sat,Fresno State,,@,(1) Michigan,,
50,2,Aug 31 2024,7:00 PM,Sat,Furman,,@,(9) Mississippi,,
51,2,Aug 31 2024,12:00 PM,Sat,(4) Georgia,,N,(20) Clemson,,
52,2,Aug 31 2024,8:00 PM,Sat,Georgia State,,@,Georgia Tech,,
53,2,Aug 31 2024,8:00 PM,Sat,Grambling State,,@,Louisiana,,
54,2,Aug 31 2024,8:00 PM,Sat,Houston Baptist,,@,(22) Southern Methodist,,
55,2,Aug 31 2024,7:30 PM,Sat,Idaho,,@,(6) Oregon,,
56,2,Aug 31 2024,6:30 PM,Sat,Idaho State,,@,Oregon State,,
57,2,Aug 31 2024,12:00 PM,Sat,Illinois State,,@,(24) Iowa,,
58,2,Aug 31 2024,12:00 PM,Sat,Indiana State,,@,Purdue,,
59,2,Aug 31 2024,8:00 PM,Sat,James Madison,,@,Charlotte,,
60,2,Aug 31 2024,3:30 PM,Sat,Kennesaw State,,@,Texas-San Antonio,,
61,2,Aug 31 2024,12:00 PM,Sat,Kent State,,@,Pittsburgh,,
62,2,Aug 31 2024,8:00 PM,Sat,Lamar,,@,Texas State,,
63,2,Aug 31 2024,3:30 PM,Sat,Merrimack,,@,Air Force,,
64,2,Aug 31 2024,3:30 PM,Sat,Miami (FL),,@,Florida,,
65,2,Aug 31 2024,3:30 PM,Sat,Miami (OH),,@,Northwestern,,
66,2,Aug 31 2024,7:00 PM,Sat,Nevada,,@,Troy,,
67,2,Aug 31 2024,7:00 PM,Sat,Nevada-Las Vegas,,@,Houston,,
68,2,Aug 31 2024,10:30 PM,Sat,New Mexico,,@,(11) Arizona,,
69,2,Aug 31 2024,8:00 PM,Sat,Nicholls State,,@,Louisiana Tech,,
70,2,Aug 31 2024,6:00 PM,Sat,Norfolk State,,@,East Carolina,,
71,2,Aug 31 2024,7:00 PM,Sat,North Alabama,,@,Memphis,,
72,2,Aug 31 2024,3:30 PM,Sat,North Dakota,,@,Iowa State,,
73,2,Aug 31 2024,5:00 PM,Sat,North Texas,,@,South Alabama,,
74,2,Aug 31 2024,7:30 PM,Sat,(14) Notre Dame,,@,Texas A&M,,
75,2,Aug 31 2024,3:30 PM,Sat,Ohio,,@,Syracuse,,
76,2,Aug 31 2024,4:15 PM,Sat,Old Dominion,,@,South Carolina,,
77,2,Aug 31 2024,12:00 PM,Sat,(13) Penn State,,@,West Virginia,,
78,2,Aug 31 2024,3:00 PM,Sat,Portland State,,@,Washington State,,
79,2,Aug 31 2024,6:00 PM,Sat,Richmond,,@,Virginia,,
80,2,Aug 31 2024,TBD,Sat,Robert Morris,,@,Utah State,,
81,2,Aug 31 2024,7:00 PM,Sat,Sam Houston,,@,Rice,,
82,2,Aug 31 2024,2:00 PM,Sat,South Dakota State,,@,(16) Oklahoma State,,
83,2,Aug 31 2024,9:00 PM,Sat,Southeast Missouri State,,@,New Mexico State,,
84,2,Aug 31 2024,8:00 PM,Sat,Southern Illinois,,@,Brigham Young,,
85,2,Aug 31 2024,7:45 PM,Sat,Southern Mississippi,,@,Kentucky,,
86,2,Aug 31 2024,5:00 PM,Sat,Stony Brook,,@,Marshall,,
87,2,Aug 31 2024,7:00 PM,Sat,Tarleton State,,@,Baylor,,
88,2,Aug 31 2024,7:00 PM,Sat,Tennessee Tech,,@,Middle Tennessee State,,
89,2,Aug 31 2024,7:00 PM,Sat,Tennessee-Martin,,@,(18) Kansas State,,
90,2,Aug 31 2024,8:00 PM,Sat,Texas A&M-Commerce,,@,San Diego State,,
91,2,Aug 31 2024,3:30 PM,Sat,Texas-El Paso,,@,Nebraska,,
92,2,Aug 31 2024,2:30 PM,Sat,Towson,,@,Cincinnati,,
93,2,Aug 31 2024,7:30 PM,Sat,UCLA,,@,Hawaii,,
94,2,Aug 31 2024,12:00 PM,Sat,Virginia Tech,,@,Vanderbilt,,
95,2,Aug 31 2024,11:00 PM,Sat,Weber State,,@,(2) Washington,,
96,2,Aug 31 2024,3:30 PM,Sat,Western Illinois,,@,Northern Illinois,,
97,2,Aug 31 2024,7:00 PM,Sat,Western Kentucky,,@,(5) Alabama,,
98,2,Aug 31 2024,10:30 PM,Sat,Wyoming,,@,Arizona State,,
99,2,Sep 1 2024,7:30 PM,Sun,Southern California,,N,(12) Louisiana State,,
100,2,Sep 2 2024,7:30 PM,Mon,Boston College,,@,(6) Florida State,,
101,3,Sep 6 2024,7:00 PM,Fri,Brigham Young,,@,(22) Southern Methodist,,
102,3,Sep 6 2024,9:00 PM,Fri,Duke,,@,Northwestern,,
103,3,Sep 6 2024,7:00 PM,Fri,Western Illinois,,@,Indiana,,
104,3,Sep 7 2024,12:00 PM,Sat,Akron,,@,Rutgers,,
105,3,Sep 7 2024,7:00 PM,Sat,Alabama-Birmingham,,@,Louisiana-Monroe,,
106,3,Sep 7 2024,6:00 PM,Sat,Albany,,@,West Virginia,,
107,3,Sep 7 2024,7:30 PM,Sat,Alcorn State,,@,Vanderbilt,,
108,3,Sep 7 2024,8:00 PM,Sat,Appalachian State,,@,(20) Clemson,,
109,3,Sep 7 2024,12:00 PM,Sat,Arkansas,,@,(16) Oklahoma State,,
110,3,Sep 7 2024,12:00 PM,Sat,Army,,@,Florida Atlantic,,
111,3,Sep 7 2024,3:30 PM,Sat,Baylor,,@,Utah,,
112,3,Sep 7 2024,10:00 PM,Sat,Boise State,,@,(6) Oregon,,
113,3,Sep 7 2024,12:00 PM,Sat,Bowling Green,,@,(13) Penn State,,
114,3,Sep 7 2024,7:00 PM,Sat,Buffalo,,@,(8) Missouri,,
115,3,Sep 7 2024,7:00 PM,Sat,Cal Poly,,@,Stanford,,
116,3,Sep 7 2024,3:30 PM,Sat,California,,@,Auburn,,
117,3,Sep 7 2024,6:00 PM,Sat,Central Michigan,,@,Florida International,,
118,3,Sep 7 2024,3:30 PM,Sat,Charlotte,,@,North Carolina,,
119,3,Sep 7 2024,7:00 PM,Sat,Chattanooga,,@,Georgia State,,
120,3,Sep 7 2024,7:30 PM,Sat,Colorado,,@,Nebraska,,
121,3,Sep 7 2024,3:30 PM,Sat,Duquesne,,@,Boston College,,
122,3,Sep 7 2024,6:00 PM,Sat,East Carolina,,@,Old Dominion,,
123,3,Sep 7 2024,7:00 PM,Sat,Eastern Kentucky,,@,Western Kentucky,,
124,3,Sep 7 2024,3:30 PM,Sat,Eastern Michigan,,@,(2) Washington,,
125,3,Sep 7 2024,6:00 PM,Sat,Florida A&M,,@,Miami (FL),,
126,3,Sep 7 2024,6:00 PM,Sat,Gardner-Webb,,@,James Madison,,
127,3,Sep 7 2024,7:00 PM,Sat,Georgia Southern,,@,Nevada,,
128,3,Sep 7 2024,12:00 PM,Sat,Georgia Tech,,@,Syracuse,,
129,3,Sep 7 2024,7:45 PM,Sat,Houston,,@,(15) Oklahoma,,
130,3,Sep 7 2024,3:30 PM,Sat,Idaho,,@,Wyoming,,
131,3,Sep 7 2024,3:30 PM,Sat,Iowa State,,@,(24) Iowa,,
132,3,Sep 7 2024,3:30 PM,Sat,Jacksonville State,,@,(19) Louisville,,
133,3,Sep 7 2024,7:00 PM,Sat,(23) Kansas,,@,Illinois,,
134,3,Sep 7 2024,12:00 PM,Sat,(18) Kansas State,,@,Tulane,,
135,3,Sep 7 2024,10:15 PM,Sat,(25) Liberty,,@,New Mexico State,,
136,3,Sep 7 2024,8:00 PM,Sat,Long Island,,@,Texas Christian,,
137,3,Sep 7 2024,7:00 PM,Sat,Louisiana,,@,Kennesaw State,,
138,3,Sep 7 2024,4:30 PM,Sat,Marshall,,@,Virginia Tech,,
139,3,Sep 7 2024,3:30 PM,Sat,Massachusetts,,@,Toledo,,
140,3,Sep 7 2024,12:45 PM,Sat,McNeese State,,@,Texas A&M,,
141,3,Sep 7 2024,12:00 PM,Sat,Merrimack,,@,Connecticut,,
142,3,Sep 7 2024,3:30 PM,Sat,Michigan State,,@,Maryland,,
143,3,Sep 7 2024,4:15 PM,Sat,Middle Tennessee State,,@,(9) Mississippi,,
144,3,Sep 7 2024,10:30 PM,Sat,Mississippi State,,@,Arizona State,,
145,3,Sep 7 2024,2:00 PM,Sat,Missouri State,,@,Ball State,,
146,3,Sep 7 2024,7:30 PM,Sat,Nicholls State,,@,(12) Louisiana State,,
147,3,Sep 7 2024,10:00 PM,Sat,Northern Arizona,,@,(11) Arizona,,
148,3,Sep 7 2024,7:00 PM,Sat,Northern Colorado,,@,Colorado State,,
149,3,Sep 7 2024,3:30 PM,Sat,Northern Illinois,,@,(14) Notre Dame,,
150,3,Sep 7 2024,10:30 PM,Sat,Oregon State,,@,San Diego State,,
151,3,Sep 7 2024,12:00 PM,Sat,Pittsburgh,,@,Cincinnati,,
152,3,Sep 7 2024,12:00 PM,Sat,Rhode Island,,@,Minnesota,,
153,3,Sep 7 2024,TBD,Sat,Sacramento State,,@,Fresno State,,
154,3,Sep 7 2024,6:30 PM,Sat,Sam Houston,,@,Central Florida,,
155,3,Sep 7 2024,7:00 PM,Sat,Samford,,@,Florida,,
156,3,Sep 7 2024,7:00 PM,Sat,San Jose State,,@,Air Force,,
157,3,Sep 7 2024,6:00 PM,Sat,South Alabama,,@,Ohio,,
158,3,Sep 7 2024,3:30 PM,Sat,South Carolina,,@,Kentucky,,
159,3,Sep 7 2024,3:30 PM,Sat,South Dakota,,@,Wisconsin,,
160,3,Sep 7 2024,7:00 PM,Sat,South Florida,,@,(5) Alabama,,
161,3,Sep 7 2024,7:00 PM,Sat,Southeastern Louisiana,,@,Southern Mississippi,,
162,3,Sep 7 2024,9:00 PM,Sat,Southern Utah,,@,Texas-El Paso,,
163,3,Sep 7 2024,2:30 PM,Sat,St. Francis (PA),,@,Kent State,,
164,3,Sep 7 2024,7:30 PM,Sat,Stephen F. Austin,,@,North Texas,,
165,3,Sep 7 2024,3:30 PM,Sat,Temple,,@,Navy,,
166,3,Sep 7 2024,7:30 PM,Sat,(17) Tennessee,,N,(21) North Carolina State,,
167,3,Sep 7 2024,2:00 PM,Sat,Tennessee Tech,,@,(4) Georgia,,
168,3,Sep 7 2024,12:00 PM,Sat,(3) Texas,,@,(1) Michigan,,
169,3,Sep 7 2024,7:00 PM,Sat,Texas Southern,,@,Rice,,
170,3,Sep 7 2024,10:00 PM,Sat,Texas Tech,,@,Washington State,,
171,3,Sep 7 2024,4:00 PM,Sat,Texas-San Antonio,,@,Texas State,,
172,3,Sep 7 2024,12:00 PM,Sat,Troy,,@,Memphis,,
173,3,Sep 7 2024,7:00 PM,Sat,Tulsa,,@,Arkansas State,,
174,3,Sep 7 2024,11:00 PM,Sat,Utah State,,@,Southern California,,
175,3,Sep 7 2024,3:00 PM,Sat,Utah Tech,,@,Nevada-Las Vegas,,
176,3,Sep 7 2024,7:00 PM,Sat,Virginia,,@,Wake Forest,,
177,3,Sep 7 2024,7:30 PM,Sat,Western Michigan,,@,(10) Ohio State,,
178,3,Sep 7 2024,7:00 PM,Sat,William & Mary,,@,Coastal Carolina,,
179,4,Sep 12 2024,7:30 PM,Thu,Arizona State,,@,Texas State,,
180,4,Sep 12 2024,7:30 PM,Thu,Northwestern State,,@,South Alabama,,
181,4,Sep 13 2024,8:00 PM,Fri,(11) Arizona,,@,(18) Kansas State,,
182,4,Sep 13 2024,7:00 PM,Fri,Nevada-Las Vegas,,@,(23) Kansas,,
183,4,Sep 14 2024,7:30 PM,Sat,Air Force,,@,Baylor,,
184,4,Sep 14 2024,12:00 PM,Sat,(5) Alabama,,@,Wisconsin,,
185,4,Sep 14 2024,4:15 PM,Sat,Alabama-Birmingham,,@,Arkansas,,
186,4,Sep 14 2024,4:00 PM,Sat,Appalachian State,,@,East Carolina,,
187,4,Sep 14 2024,12:00 PM,Sat,Arkansas State,,@,(1) Michigan,,
188,4,Sep 14 2024,3:30 PM,Sat,Ball State,,@,Miami (FL),,
189,4,Sep 14 2024,6:30 PM,Sat,Bethune-Cookman,,@,Western Michigan,,
190,4,Sep 14 2024,12:45 PM,Sat,Boston College,,@,(8) Missouri,,
191,4,Sep 14 2024,9:00 PM,Sat,Brigham Young,,@,Wyoming,,
192,4,Sep 14 2024,7:30 PM,Sat,Central Florida,,@,Texas Christian,,
193,4,Sep 14 2024,12:00 PM,Sat,Cincinnati,,@,Miami (OH),,
194,4,Sep 14 2024,2:00 PM,Sat,Coastal Carolina,,@,Temple,,
195,4,Sep 14 2024,6:00 PM,Sat,Colgate,,@,Akron,,
196,4,Sep 14 2024,7:30 PM,Sat,Colorado,,@,Colorado State,,
197,4,Sep 14 2024,6:00 PM,Sat,Connecticut,,@,Duke,,
198,4,Sep 14 2024,7:30 PM,Sat,Eastern Illinois,,@,Northwestern,,
199,4,Sep 14 2024,6:00 PM,Sat,Florida International,,@,Florida Atlantic,,
200,4,Sep 14 2024,6:00 PM,Sat,Gardner-Webb,,@,Charlotte,,
201,4,Sep 14 2024,7:30 PM,Sat,(4) Georgia,,@,Kentucky,,
202,4,Sep 14 2024,6:00 PM,Sat,Hawaii,,@,Sam Houston,,
203,4,Sep 14 2024,7:30 PM,Sat,Indiana,,@,UCLA,,
204,4,Sep 14 2024,7:00 PM,Sat,Jacksonville State,,@,Eastern Michigan,,
205,4,Sep 14 2024,7:00 PM,Sat,Kennesaw State,,@,San Jose State,,
206,4,Sep 14 2024,7:45 PM,Sat,Kent State,,@,(17) Tennessee,,
207,4,Sep 14 2024,12:00 PM,Sat,(12) Louisiana State,,@,South Carolina,,
208,4,Sep 14 2024,12:00 PM,Sat,Louisiana Tech,,@,(21) North Carolina State,,
209,4,Sep 14 2024,8:00 PM,Sat,Maryland,,@,Virginia,,
210,4,Sep 14 2024,1:00 PM,Sat,Massachusetts,,@,Buffalo,,
211,4,Sep 14 2024,12:00 PM,Sat,Memphis,,@,(6) Florida State,,
212,4,Sep 14 2024,6:30 PM,Sat,(9) Mississippi,,@,Wake Forest,,
213,4,Sep 14 2024,3:30 PM,Sat,Morgan State,,@,Ohio,,
214,4,Sep 14 2024,3:30 PM,Sat,Nevada,,@,Minnesota,,
215,4,Sep 14 2024,7:30 PM,Sat,New Mexico,,@,Auburn,,
216,4,Sep 14 2024,10:30 PM,Sat,New Mexico State,,@,Fresno State,,
217,4,Sep 14 2024,6:00 PM,Sat,North Carolina Central,,@,North Carolina,,
218,4,Sep 14 2024,12:00 PM,Sat,North Texas,,@,Texas Tech,,
219,4,Sep 14 2024,7:30 PM,Sat,Northern Iowa,,@,Nebraska,,
220,4,Sep 14 2024,3:30 PM,Sat,(14) Notre Dame,,@,Purdue,,
221,4,Sep 14 2024,12:00 PM,Sat,(16) Oklahoma State,,@,Tulsa,,
222,4,Sep 14 2024,3:30 PM,Sat,(6) Oregon,,@,Oregon State,,
223,4,Sep 14 2024,3:30 PM,Sat,Prairie View A&M,,@,Michigan State,,
224,4,Sep 14 2024,8:00 PM,Sat,Rice,,@,Houston,,
225,4,Sep 14 2024,10:30 PM,Sat,San Diego State,,@,California,,
226,4,Sep 14 2024,6:00 PM,Sat,South Carolina State,,@,Georgia Southern,,
227,4,Sep 14 2024,7:00 PM,Sat,South Florida,,@,Southern Mississippi,,
228,4,Sep 14 2024,3:30 PM,Sat,Texas A&M,,@,Florida,,
229,4,Sep 14 2024,6:00 PM,Sat,Texas-El Paso,,@,(25) Liberty,,
230,4,Sep 14 2024,7:00 PM,Sat,Texas-San Antonio,,@,(3) Texas,,
231,4,Sep 14 2024,7:30 PM,Sat,Toledo,,@,Mississippi State,,
232,4,Sep 14 2024,4:00 PM,Sat,Troy,,@,(24) Iowa,,
233,4,Sep 14 2024,3:30 PM,Sat,Tulane,,@,(15) Oklahoma,,
234,4,Sep 14 2024,4:30 PM,Sat,Utah,,@,Utah State,,
235,4,Sep 14 2024,7:00 PM,Sat,Vanderbilt,,@,Georgia State,,
236,4,Sep 14 2024,3:30 PM,Sat,Virginia Military Institute,,@,Georgia Tech,,
237,4,Sep 14 2024,6:00 PM,Sat,Virginia Tech,,@,Old Dominion,,
238,4,Sep 14 2024,3:30 PM,Sat,(2) Washington,,@,Washington State,,
239,4,Sep 14 2024,3:30 PM,Sat,West Virginia,,@,Pittsburgh,,
240,4,Sep 14 2024,7:00 PM,Sat,Western Kentucky,,@,Middle Tennessee State,,
241,4,Sep 16 2024,12:00 PM,Mon,Central Michigan,,@,Illinois,,
242,5,Sep 19 2024,7:30 PM,Thu,South Alabama,,@,Appalachian State,,
243,5,Sep 20 2024,8:00 PM,Fri,Illinois,,@,Nebraska,,
244,5,Sep 20 2024,10:00 PM,Fri,San Jose State,,@,Washington State,,
245,5,Sep 20 2024,7:30 PM,Fri,Stanford,,@,Syracuse,,
246,5,Sep 21 2024,TBD,Sat,Akron,,@,South Carolina,,
247,5,Sep 21 2024,TBD,Sat,Arizona State,,@,Texas Tech,,
248,5,Sep 21 2024,TBD,Sat,Arkansas,,@,Auburn,,
249,5,Sep 21 2024,2:00 PM,Sat,Arkansas State,,@,Iowa State,,
250,5,Sep 21 2024,TBD,Sat,Ball State,,@,Central Michigan,,
251,5,Sep 21 2024,TBD,Sat,Baylor,,@,Colorado,,
252,5,Sep 21 2024,7:30 PM,Sat,Bowling Green,,@,Texas A&M,,
253,5,Sep 21 2024,TBD,Sat,Buffalo,,@,Northern Illinois,,
254,5,Sep 21 2024,TBD,Sat,California,,@,(6) Florida State,,
255,5,Sep 21 2024,3:30 PM,Sat,Central Connecticut State,,@,Massachusetts,,
256,5,Sep 21 2024,TBD,Sat,Charlotte,,@,Indiana,,
257,5,Sep 21 2024,7:00 PM,Sat,Duke,,@,Middle Tennessee State,,
258,5,Sep 21 2024,6:00 PM,Sat,East Carolina,,@,(25) Liberty,,
259,5,Sep 21 2024,3:00 PM,Sat,Eastern Washington,,@,Nevada,,
260,5,Sep 21 2024,12:00 PM,Sat,Florida,,@,Mississippi State,,
261,5,Sep 21 2024,7:00 PM,Sat,Florida A&M,,@,Troy,,
262,5,Sep 21 2024,7:00 PM,Sat,Florida Atlantic,,@,Connecticut,,
263,5,Sep 21 2024,8:30 PM,Sat,Fresno State,,@,New Mexico,,
264,5,Sep 21 2024,7:45 PM,Sat,Georgia Southern,,@,(9) Mississippi,,
265,5,Sep 21 2024,TBD,Sat,Georgia Tech,,@,(19) Louisville,,
266,5,Sep 21 2024,TBD,Sat,Houston,,@,Cincinnati,,
267,5,Sep 21 2024,3:30 PM,Sat,Houston Baptist,,@,Texas-San Antonio,,
268,5,Sep 21 2024,TBD,Sat,(24) Iowa,,@,Minnesota,,
269,5,Sep 21 2024,TBD,Sat,James Madison,,@,North Carolina,,
270,5,Sep 21 2024,TBD,Sat,(23) Kansas,,@,West Virginia,,
271,5,Sep 21 2024,TBD,Sat,(18) Kansas State,,@,Brigham Young,,
272,5,Sep 21 2024,TBD,Sat,Kent State,,@,(13) Penn State,,
273,5,Sep 21 2024,8:00 PM,Sat,Louisiana-Monroe,,@,(3) Texas,,
274,5,Sep 21 2024,TBD,Sat,Marshall,,@,(10) Ohio State,,
275,5,Sep 21 2024,3:30 AM,Sat,Memphis,,@,Navy,,
276,5,Sep 21 2024,TBD,Sat,Miami (FL),,@,South Florida,,
277,5,Sep 21 2024,3:30 PM,Sat,Miami (OH),,@,(14) Notre Dame,,
278,5,Sep 21 2024,TBD,Sat,Michigan State,,@,Boston College,,
279,5,Sep 21 2024,6:00 PM,Sat,Monmouth,,@,Florida International,,
280,5,Sep 21 2024,7:00 PM,Sat,New Mexico State,,@,Sam Houston,,
281,5,Sep 21 2024,TBD,Sat,(21) North Carolina State,,@,(20) Clemson,,
282,5,Sep 21 2024,TBD,Sat,Northwestern,,@,(2) Washington,,
283,5,Sep 21 2024,12:45 PM,Sat,Ohio,,@,Kentucky,,
284,5,Sep 21 2024,9:45 PM,Sat,Portland State,,@,Boise State,,
285,5,Sep 21 2024,8:30 PM,Sat,Purdue,,@,Oregon State,,
286,5,Sep 21 2024,12:00 PM,Sat,Rice,,@,Army,,
287,5,Sep 21 2024,TBD,Sat,Rutgers,,@,Virginia Tech,,
288,5,Sep 21 2024,3:30 PM,Sat,Southern California,,@,(1) Michigan,,
289,5,Sep 21 2024,TBD,Sat,Southern Mississippi,,@,Jacksonville State,,
290,5,Sep 21 2024,2:00 PM,Sat,St. Francis (PA),,@,Eastern Michigan,,
291,5,Sep 21 2024,TBD,Sat,(17) Tennessee,,@,(15) Oklahoma,,
292,5,Sep 21 2024,TBD,Sat,Texas Christian,,@,(22) Southern Methodist,,
293,5,Sep 21 2024,5:00 PM,Sat,Texas-El Paso,,@,Colorado State,,
294,5,Sep 21 2024,TBD,Sat,Toledo,,@,Western Kentucky,,
295,5,Sep 21 2024,TBD,Sat,Tulane,,@,Louisiana,,
296,5,Sep 21 2024,7:00 PM,Sat,Tulsa,,@,Louisiana Tech,,
297,5,Sep 21 2024,TBD,Sat,UCLA,,@,(12) Louisiana State,,
298,5,Sep 21 2024,TBD,Sat,Utah,,@,(16) Oklahoma State,,
299,5,Sep 21 2024,TBD,Sat,Utah State,,@,Temple,,
300,5,Sep 21 2024,TBD,Sat,Vanderbilt,,@,(8) Missouri,,
301,5,Sep 21 2024,TBD,Sat,Villanova,,@,Maryland,,
302,5,Sep 21 2024,TBD,Sat,Virginia,,@,Coastal Carolina,,
303,5,Sep 21 2024,TBD,Sat,Wyoming,,@,North Texas,,
304,5,Sep 21 2024,3:30 PM,Sat,Youngstown State,,@,Pittsburgh,,
305,5,Sep 22 2024,12:00 AM,Sun,Northern Iowa,,@,Hawaii,,
306,6,Sep 26 2024,7:30 PM,Thu,Army,,@,Temple,,
307,6,Sep 27 2024,7:30 PM,Fri,Virginia Tech,,@,Miami (FL),,
308,6,Sep 27 2024,8:00 PM,Fri,(2) Washington,,@,Rutgers,,
309,6,Sep 28 2024,8:00 PM,Sat,Air Force,,@,Wyoming,,
310,6,Sep 28 2024,TBD,Sat,Akron,,@,Ohio,,
311,6,Sep 28 2024,TBD,Sat,(11) Arizona,,@,Utah,,
312,6,Sep 28 2024,TBD,Sat,Ball State,,@,James Madison,,
313,6,Sep 28 2024,TBD,Sat,Brigham Young,,@,Baylor,,
314,6,Sep 28 2024,12:00 PM,Sat,Buffalo,,@,Connecticut,,
315,6,Sep 28 2024,TBD,Sat,Charlotte,,@,Rice,,
316,6,Sep 28 2024,TBD,Sat,Cincinnati,,@,Texas Tech,,
317,6,Sep 28 2024,TBD,Sat,Colorado,,@,Central Florida,,
318,6,Sep 28 2024,TBD,Sat,Eastern Michigan,,@,Kent State,,
319,6,Sep 28 2024,TBD,Sat,(6) Florida State,,@,(22) Southern Methodist,,
320,6,Sep 28 2024,3:30 PM,Sat,Fresno State,,@,Nevada-Las Vegas,,
321,6,Sep 28 2024,7:30 PM,Sat,(4) Georgia,,@,(5) Alabama,,
322,6,Sep 28 2024,TBD,Sat,Georgia Southern,,@,Georgia State,,
323,6,Sep 28 2024,12:00 PM,Sat,Holy Cross,,@,Syracuse,,
324,6,Sep 28 2024,TBD,Sat,Illinois,,@,(13) Penn State,,
325,6,Sep 28 2024,TBD,Sat,Iowa State,,@,Houston,,
326,6,Sep 28 2024,12:00 PM,Sat,Kentucky,,@,(9) Mississippi,,
327,6,Sep 28 2024,TBD,Sat,(25) Liberty,,@,Appalachian State,,
328,6,Sep 28 2024,TBD,Sat,Louisiana,,@,Wake Forest,,
329,6,Sep 28 2024,6:00 PM,Sat,Louisiana Tech,,@,Florida International,,
330,6,Sep 28 2024,TBD,Sat,Louisiana-Monroe,,@,Troy,,
331,6,Sep 28 2024,3:30 PM,Sat,(19) Louisville,,@,(14) Notre Dame,,
332,6,Sep 28 2024,TBD,Sat,Maryland,,@,Indiana,,
333,6,Sep 28 2024,TBD,Sat,Massachusetts,,@,Miami (OH),,
334,6,Sep 28 2024,TBD,Sat,Middle Tennessee State,,@,Memphis,,
335,6,Sep 28 2024,TBD,Sat,Minnesota,,@,(1) Michigan,,
336,6,Sep 28 2024,TBD,Sat,Mississippi State,,@,(3) Texas,,
337,6,Sep 28 2024,TBD,Sat,Navy,,@,Alabama-Birmingham,,
338,6,Sep 28 2024,12:00 PM,Sat,Nebraska,,@,Purdue,,
339,6,Sep 28 2024,8:00 PM,Sat,New Mexico,,@,New Mexico State,,
340,6,Sep 28 2024,TBD,Sat,North Carolina,,@,Duke,,
341,6,Sep 28 2024,TBD,Sat,Northern Illinois,,@,(21) North Carolina State,,
342,6,Sep 28 2024,TBD,Sat,(10) Ohio State,,@,Michigan State,,
343,6,Sep 28 2024,TBD,Sat,(15) Oklahoma,,@,Auburn,,
344,6,Sep 28 2024,TBD,Sat,(16) Oklahoma State,,@,(18) Kansas State,,
345,6,Sep 28 2024,5:00 PM,Sat,Old Dominion,,@,Bowling Green,,
346,6,Sep 28 2024,TBD,Sat,(6) Oregon,,@,UCLA,,
347,6,Sep 28 2024,TBD,Sat,San Diego State,,@,Central Michigan,,
348,6,Sep 28 2024,7:45 PM,Sat,South Alabama,,@,(12) Louisiana State,,
349,6,Sep 28 2024,TBD,Sat,South Florida,,@,Tulane,,
350,6,Sep 28 2024,TBD,Sat,Stanford,,@,(20) Clemson,,
351,6,Sep 28 2024,6:00 PM,Sat,Tennessee-Martin,,@,Kennesaw State,,
352,6,Sep 28 2024,TBD,Sat,Texas A&M,,N,Arkansas,,
353,6,Sep 28 2024,TBD,Sat,Texas Christian,,@,(23) Kansas,,
354,6,Sep 28 2024,3:00 PM,Sat,Texas State,,N,Sam Houston,,
355,6,Sep 28 2024,TBD,Sat,Texas-San Antonio,,@,East Carolina,,
356,6,Sep 28 2024,TBD,Sat,Tulsa,,@,North Texas,,
357,6,Sep 28 2024,6:00 PM,Sat,Wagner,,@,Florida Atlantic,,
358,6,Sep 28 2024,TBD,Sat,Washington State,,@,Boise State,,
359,6,Sep 28 2024,TBD,Sat,Western Kentucky,,@,Boston College,,
360,6,Sep 28 2024,TBD,Sat,Western Michigan,,@,Marshall,,
361,6,Sep 28 2024,TBD,Sat,Wisconsin,,@,Southern California,,
362,7,Oct 3 2024,10:00 PM,Thu,Sam Houston,,@,Texas-El Paso,,
363,7,Oct 3 2024,7:00 PM,Thu,Texas State,,@,Troy,,
364,7,Oct 4 2024,7:30 PM,Fri,Houston,,@,Texas Christian,,
365,7,Oct 4 2024,7:00 PM,Fri,Jacksonville State,,@,Kennesaw State,,
366,7,Oct 4 2024,9:00 PM,Fri,Michigan State,,@,(6) Oregon,,
367,7,Oct 4 2024,TBD,Fri,Purdue,,@,Wisconsin,,
368,7,Oct 4 2024,9:00 PM,Fri,Syracuse,,@,Nevada-Las Vegas,,
369,7,Oct 5 2024,TBD,Sat,(5) Alabama,,@,Vanderbilt,,
370,7,Oct 5 2024,TBD,Sat,Appalachian State,,@,Marshall,,
371,7,Oct 5 2024,TBD,Sat,Army,,@,Tulsa,,
372,7,Oct 5 2024,TBD,Sat,Auburn,,@,(4) Georgia,,
373,7,Oct 5 2024,TBD,Sat,Baylor,,@,Iowa State,,
374,7,Oct 5 2024,TBD,Sat,Boston College,,@,Virginia,,
375,7,Oct 5 2024,TBD,Sat,Bowling Green,,@,Akron,,
376,7,Oct 5 2024,TBD,Sat,Central Florida,,@,Florida,,
377,7,Oct 5 2024,TBD,Sat,(20) Clemson,,@,(6) Florida State,,
378,7,Oct 5 2024,6:30 PM,Sat,Colorado State,,@,Oregon State,,
379,7,Oct 5 2024,TBD,Sat,Duke,,@,Georgia Tech,,
380,7,Oct 5 2024,TBD,Sat,East Carolina,,@,Charlotte,,
381,7,Oct 5 2024,8:00 PM,Sat,Hawaii,,@,San Diego State,,
382,7,Oct 5 2024,TBD,Sat,Indiana,,@,Northwestern,,
383,7,Oct 5 2024,TBD,Sat,(24) Iowa,,@,(10) Ohio State,,
384,7,Oct 5 2024,TBD,Sat,James Madison,,@,Louisiana-Monroe,,
385,7,Oct 5 2024,TBD,Sat,(23) Kansas,,@,Arizona State,,
386,7,Oct 5 2024,TBD,Sat,Louisiana,,@,Southern Mississippi,,
387,7,Oct 5 2024,TBD,Sat,Massachusetts,,@,Northern Illinois,,
388,7,Oct 5 2024,TBD,Sat,Miami (FL),,@,California,,
389,7,Oct 5 2024,3:30 PM,Sat,Miami (OH),,@,Toledo,,
390,7,Oct 5 2024,TBD,Sat,(1) Michigan,,@,(2) Washington,,
391,7,Oct 5 2024,TBD,Sat,(9) Mississippi,,@,South Carolina,,
392,7,Oct 5 2024,12:00 PM,Sat,(8) Missouri,,@,Texas A&M,,
393,7,Oct 5 2024,12:00 PM,Sat,Navy,,@,Air Force,,
394,7,Oct 5 2024,7:30 PM,Sat,Nevada,,@,San Jose State,,
395,7,Oct 5 2024,TBD,Sat,Old Dominion,,@,Coastal Carolina,,
396,7,Oct 5 2024,TBD,Sat,Pittsburgh,,@,North Carolina,,
397,7,Oct 5 2024,TBD,Sat,Rutgers,,@,Nebraska,,
398,7,Oct 5 2024,7:00 PM,Sat,South Alabama,,@,Arkansas State,,
399,7,Oct 5 2024,TBD,Sat,Southern California,,@,Minnesota,,
400,7,Oct 5 2024,TBD,Sat,(22) Southern Methodist,,@,(19) Louisville,,
401,7,Oct 5 2024,3:30 PM,Sat,Temple,,@,Connecticut,,
402,7,Oct 5 2024,TBD,Sat,(17) Tennessee,,@,Arkansas,,
403,7,Oct 5 2024,TBD,Sat,Texas Tech,,@,(11) Arizona,,
404,7,Oct 5 2024,TBD,Sat,Tulane,,@,Alabama-Birmingham,,
405,7,Oct 5 2024,TBD,Sat,UCLA,,@,(13) Penn State,,
406,7,Oct 5 2024,TBD,Sat,Utah State,,@,Boise State,,
407,7,Oct 5 2024,TBD,Sat,Virginia Tech,,@,Stanford,,
408,7,Oct 5 2024,TBD,Sat,Wake Forest,,@,(21) North Carolina State,,
409,7,Oct 5 2024,TBD,Sat,West Virginia,,@,(16) Oklahoma State,,
410,7,Oct 5 2024,TBD,Sat,Western Michigan,,@,Ball State,,
411,8,Oct 8 2024,7:00 PM,Tue,Florida International,,@,(25) Liberty,,
412,8,Oct 9 2024,7:30 PM,Wed,New Mexico State,,@,Jacksonville State,,
413,8,Oct 10 2024,7:30 PM,Thu,Coastal Carolina,,@,James Madison,,
414,8,Oct 10 2024,8:00 PM,Thu,Middle Tennessee State,,@,Louisiana Tech,,
415,8,Oct 10 2024,8:00 PM,Thu,Texas-El Paso,,@,Western Kentucky,,
416,8,Oct 11 2024,8:00 PM,Fri,Maryland,,@,Northwestern,,
417,8,Oct 11 2024,7:00 PM,Fri,Memphis,,@,South Florida,,
418,8,Oct 11 2024,9:00 PM,Fri,Nevada-Las Vegas,,@,Utah State,,
419,8,Oct 11 2024,10:30 PM,Fri,Utah,,@,Arizona State,,
420,8,Oct 12 2024,7:00 PM,Sat,Air Force,,@,New Mexico,,
421,8,Oct 12 2024,TBD,Sat,Akron,,@,Western Michigan,,
422,8,Oct 12 2024,12:00 PM,Sat,Alabama-Birmingham,,@,Army,,
423,8,Oct 12 2024,TBD,Sat,Appalachian State,,@,Louisiana,,
424,8,Oct 12 2024,TBD,Sat,(11) Arizona,,@,Brigham Young,,
425,8,Oct 12 2024,TBD,Sat,Arkansas State,,@,Texas State,,
426,8,Oct 12 2024,TBD,Sat,Ball State,,@,Kent State,,
427,8,Oct 12 2024,11:00 PM,Sat,Boise State,,@,Hawaii,,
428,8,Oct 12 2024,TBD,Sat,California,,@,Pittsburgh,,
429,8,Oct 12 2024,TBD,Sat,Cincinnati,,@,Central Florida,,
430,8,Oct 12 2024,TBD,Sat,(20) Clemson,,@,Wake Forest,,
431,8,Oct 12 2024,TBD,Sat,Florida,,@,(17) Tennessee,,
432,8,Oct 12 2024,TBD,Sat,Georgia Tech,,@,North Carolina,,
433,8,Oct 12 2024,TBD,Sat,Iowa State,,@,West Virginia,,
434,8,Oct 12 2024,TBD,Sat,(18) Kansas State,,@,Colorado,,
435,8,Oct 12 2024,TBD,Sat,(19) Louisville,,@,Virginia,,
436,8,Oct 12 2024,6:00 PM,Sat,Marshall,,@,Georgia Southern,,
437,8,Oct 12 2024,TBD,Sat,Massachusetts,,@,(8) Missouri,,
438,8,Oct 12 2024,TBD,Sat,Miami (OH),,@,Eastern Michigan,,
439,8,Oct 12 2024,TBD,Sat,Minnesota,,@,UCLA,,
440,8,Oct 12 2024,TBD,Sat,(9) Mississippi,,@,(12) Louisiana State,,
441,8,Oct 12 2024,TBD,Sat,Mississippi State,,@,(4) Georgia,,
442,8,Oct 12 2024,TBD,Sat,North Texas,,@,Florida Atlantic,,
443,8,Oct 12 2024,TBD,Sat,Northern Illinois,,@,Bowling Green,,
444,8,Oct 12 2024,TBD,Sat,Ohio,,@,Central Michigan,,
445,8,Oct 12 2024,TBD,Sat,(10) Ohio State,,@,(6) Oregon,,
446,8,Oct 12 2024,TBD,Sat,Old Dominion,,@,Georgia State,,
447,8,Oct 12 2024,7:30 PM,Sat,Oregon State,,@,Nevada,,
448,8,Oct 12 2024,TBD,Sat,(13) Penn State,,@,Southern California,,
449,8,Oct 12 2024,12:00 AM,Sat,Purdue,,@,Illinois,,
450,8,Oct 12 2024,3:30 PM,Sat,San Diego State,,@,Wyoming,,
451,8,Oct 12 2024,3:30 PM,Sat,San Jose State,,@,Colorado State,,
452,8,Oct 12 2024,11:00 AM,Sat,South Carolina,,@,(5) Alabama,,
453,8,Oct 12 2024,TBD,Sat,Southern Mississippi,,@,Louisiana-Monroe,,
454,8,Oct 12 2024,3:30 PM,Sat,Stanford,,@,(14) Notre Dame,,
455,8,Oct 12 2024,TBD,Sat,Syracuse,,@,(21) North Carolina State,,
456,8,Oct 12 2024,3:30 PM,Sat,(3) Texas,,N,(15) Oklahoma,,
457,8,Oct 12 2024,TBD,Sat,Texas-San Antonio,,@,Rice,,
458,8,Oct 12 2024,TBD,Sat,Toledo,,@,Buffalo,,
459,8,Oct 12 2024,TBD,Sat,Vanderbilt,,@,Kentucky,,
460,8,Oct 12 2024,TBD,Sat,(2) Washington,,@,(24) Iowa,,
461,8,Oct 12 2024,TBD,Sat,Washington State,,@,Fresno State,,
462,8,Oct 12 2024,TBD,Sat,Wisconsin,,@,Rutgers,,
463,9,Oct 15 2024,8:00 PM,Tue,Kennesaw State,,@,Middle Tennessee State,,
464,9,Oct 15 2024,9:00 PM,Tue,Louisiana Tech,,@,New Mexico State,,
465,9,Oct 15 2024,7:30 PM,Tue,Troy,,@,South Alabama,,
466,9,Oct 16 2024,9:00 PM,Wed,Florida International,,@,Texas-El Paso,,
467,9,Oct 16 2024,7:00 PM,Wed,Western Kentucky,,@,Sam Houston,,
468,9,Oct 17 2024,7:30 PM,Thu,Boston College,,@,Virginia Tech,,
469,9,Oct 17 2024,8:00 PM,Thu,Georgia State,,@,Marshall,,
470,9,Oct 18 2024,TBD,Fri,(6) Florida State,,@,Duke,,
471,9,Oct 18 2024,10:30 PM,Fri,Fresno State,,@,Nevada,,
472,9,Oct 18 2024,10:15 PM,Fri,(16) Oklahoma State,,@,Brigham Young,,
473,9,Oct 18 2024,TBD,Fri,(6) Oregon,,@,Purdue,,
474,9,Oct 19 2024,TBD,Sat,(5) Alabama,,@,(17) Tennessee,,
475,9,Oct 19 2024,TBD,Sat,Alabama-Birmingham,,@,South Florida,,
476,9,Oct 19 2024,TBD,Sat,Arizona State,,@,Cincinnati,,
477,9,Oct 19 2024,TBD,Sat,Arkansas State,,@,Southern Mississippi,,
478,9,Oct 19 2024,TBD,Sat,Auburn,,@,(8) Missouri,,
479,9,Oct 19 2024,TBD,Sat,Ball State,,@,Vanderbilt,,
480,9,Oct 19 2024,TBD,Sat,Baylor,,@,Texas Tech,,
481,9,Oct 19 2024,TBD,Sat,Central Florida,,@,Iowa State,,
482,9,Oct 19 2024,TBD,Sat,Central Michigan,,@,Eastern Michigan,,
483,9,Oct 19 2024,3:30 PM,Sat,Charlotte,,@,Navy,,
484,9,Oct 19 2024,TBD,Sat,Colorado,,@,(11) Arizona,,
485,9,Oct 19 2024,8:00 PM,Sat,Colorado State,,@,Air Force,,
486,9,Oct 19 2024,12:00 PM,Sat,East Carolina,,@,Army,,
487,9,Oct 19 2024,TBD,Sat,Florida Atlantic,,@,Texas-San Antonio,,
488,9,Oct 19 2024,TBD,Sat,(4) Georgia,,@,(3) Texas,,
489,9,Oct 19 2024,TBD,Sat,Hawaii,,@,Washington State,,
490,9,Oct 19 2024,TBD,Sat,Houston,,@,(23) Kansas,,
491,9,Oct 19 2024,TBD,Sat,(24) Iowa,,@,Michigan State,,
492,9,Oct 19 2024,4:00 PM,Sat,James Madison,,@,Georgia Southern,,
493,9,Oct 19 2024,TBD,Sat,(18) Kansas State,,@,West Virginia,,
494,9,Oct 19 2024,TBD,Sat,Kent State,,@,Bowling Green,,
495,9,Oct 19 2024,TBD,Sat,Kentucky,,@,Florida,,
496,9,Oct 19 2024,TBD,Sat,Louisiana,,@,Coastal Carolina,,
497,9,Oct 19 2024,TBD,Sat,(12) Louisiana State,,@,Arkansas,,
498,9,Oct 19 2024,TBD,Sat,Miami (FL),,@,(19) Louisville,,
499,9,Oct 19 2024,TBD,Sat,(1) Michigan,,@,Illinois,,
500,9,Oct 19 2024,TBD,Sat,Nebraska,,@,Indiana,,
501,9,Oct 19 2024,TBD,Sat,Nevada-Las Vegas,,@,Oregon State,,
502,9,Oct 19 2024,4:00 PM,Sat,New Mexico,,@,Utah State,,
503,9,Oct 19 2024,TBD,Sat,(21) North Carolina State,,@,California,,
504,9,Oct 19 2024,TBD,Sat,North Texas,,@,Memphis,,
505,9,Oct 19 2024,TBD,Sat,(14) Notre Dame,,N,Georgia Tech,,
506,9,Oct 19 2024,TBD,Sat,Ohio,,@,Miami (OH),,
507,9,Oct 19 2024,TBD,Sat,Rice,,@,Tulane,,
508,9,Oct 19 2024,TBD,Sat,South Carolina,,@,(15) Oklahoma,,
509,9,Oct 19 2024,TBD,Sat,Southern California,,@,Maryland,,
510,9,Oct 19 2024,TBD,Sat,(22) Southern Methodist,,@,Stanford,,
511,9,Oct 19 2024,TBD,Sat,Texas A&M,,@,Mississippi State,,
512,9,Oct 19 2024,TBD,Sat,Texas Christian,,@,Utah,,
513,9,Oct 19 2024,TBD,Sat,Texas State,,@,Old Dominion,,
514,9,Oct 19 2024,TBD,Sat,Toledo,,@,Northern Illinois,,
515,9,Oct 19 2024,TBD,Sat,Tulsa,,@,Temple,,
516,9,Oct 19 2024,TBD,Sat,UCLA,,@,Rutgers,,
517,9,Oct 19 2024,TBD,Sat,Virginia,,@,(20) Clemson,,
518,9,Oct 19 2024,12:00 PM,Sat,Wake Forest,,@,Connecticut,,
519,9,Oct 19 2024,3:30 PM,Sat,Western Michigan,,@,Buffalo,,
520,9,Oct 19 2024,TBD,Sat,Wisconsin,,@,Northwestern,,
521,9,Oct 19 2024,TBD,Sat,Wyoming,,@,San Jose State,,
522,10,Oct 22 2024,7:30 PM,Tue,Sam Houston,,@,Florida International,,
523,10,Oct 22 2024,8:00 PM,Tue,Texas-El Paso,,@,Louisiana Tech,,
524,10,Oct 23 2024,7:00 PM,Wed,(25) Liberty,,@,Kennesaw State,,
525,10,Oct 23 2024,7:30 PM,Wed,Middle Tennessee State,,@,Jacksonville State,,
526,10,Oct 24 2024,7:00 PM,Thu,Georgia Southern,,@,Old Dominion,,
527,10,Oct 24 2024,7:30 PM,Thu,Syracuse,,@,Pittsburgh,,
528,10,Oct 25 2024,10:30 PM,Fri,Boise State,,@,Nevada-Las Vegas,,
529,10,Oct 25 2024,7:30 PM,Fri,(19) Louisville,,@,Boston College,,
530,10,Oct 25 2024,TBD,Fri,Rutgers,,@,Southern California,,
531,10,Oct 26 2024,TBD,Sat,Arkansas,,@,Mississippi State,,
532,10,Oct 26 2024,TBD,Sat,Auburn,,@,Kentucky,,
533,10,Oct 26 2024,TBD,Sat,Bowling Green,,@,Toledo,,
534,10,Oct 26 2024,TBD,Sat,Brigham Young,,@,Central Florida,,
535,10,Oct 26 2024,TBD,Sat,Buffalo,,@,Ohio,,
536,10,Oct 26 2024,TBD,Sat,Central Michigan,,@,Miami (OH),,
537,10,Oct 26 2024,TBD,Sat,Charlotte,,@,Memphis,,
538,10,Oct 26 2024,TBD,Sat,Cincinnati,,@,Colorado,,
539,10,Oct 26 2024,TBD,Sat,Eastern Michigan,,@,Akron,,
540,10,Oct 26 2024,TBD,Sat,(6) Florida State,,@,Miami (FL),,
541,10,Oct 26 2024,TBD,Sat,Georgia State,,@,Appalachian State,,
542,10,Oct 26 2024,TBD,Sat,Georgia Tech,,@,Virginia Tech,,
543,10,Oct 26 2024,TBD,Sat,Illinois,,@,(6) Oregon,,
544,10,Oct 26 2024,TBD,Sat,(23) Kansas,,@,(18) Kansas State,,
545,10,Oct 26 2024,TBD,Sat,Kent State,,@,Western Michigan,,
546,10,Oct 26 2024,TBD,Sat,(12) Louisiana State,,@,Texas A&M,,
547,10,Oct 26 2024,TBD,Sat,Louisiana-Monroe,,@,South Alabama,,
548,10,Oct 26 2024,TBD,Sat,Maryland,,@,Minnesota,,
549,10,Oct 26 2024,TBD,Sat,Michigan State,,@,(1) Michigan,,
550,10,Oct 26 2024,TBD,Sat,(8) Missouri,,@,(5) Alabama,,
551,10,Oct 26 2024,TBD,Sat,Nebraska,,@,(10) Ohio State,,
552,10,Oct 26 2024,5:00 PM,Sat,New Mexico,,@,Colorado State,,
553,10,Oct 26 2024,TBD,Sat,North Carolina,,@,Virginia,,
554,10,Oct 26 2024,TBD,Sat,Northern Illinois,,@,Ball State,,
555,10,Oct 26 2024,3:30 PM,Sat,Northwestern,,@,(24) Iowa,,
556,10,Oct 26 2024,12:00 PM,Sat,(14) Notre Dame,,N,Navy,,
557,10,Oct 26 2024,TBD,Sat,(15) Oklahoma,,@,(9) Mississippi,,
558,10,Oct 26 2024,TBD,Sat,(16) Oklahoma State,,@,Baylor,,
559,10,Oct 26 2024,TBD,Sat,Oregon State,,@,California,,
560,10,Oct 26 2024,TBD,Sat,(13) Penn State,,@,Wisconsin,,
561,10,Oct 26 2024,3:30 PM,Sat,Rice,,@,Connecticut,,
562,10,Oct 26 2024,8:00 PM,Sat,San Jose State,,@,Fresno State,,
563,10,Oct 26 2024,TBD,Sat,(22) Southern Methodist,,@,Duke,,
564,10,Oct 26 2024,TBD,Sat,Southern Mississippi,,@,James Madison,,
565,10,Oct 26 2024,TBD,Sat,Temple,,@,East Carolina,,
566,10,Oct 26 2024,TBD,Sat,(3) Texas,,@,Vanderbilt,,
567,10,Oct 26 2024,TBD,Sat,Texas Tech,,@,Texas Christian,,
568,10,Oct 26 2024,TBD,Sat,Texas-San Antonio,,@,Tulsa,,
569,10,Oct 26 2024,7:00 PM,Sat,Troy,,@,Arkansas State,,
570,10,Oct 26 2024,TBD,Sat,Tulane,,@,North Texas,,
571,10,Oct 26 2024,TBD,Sat,Utah,,@,Houston,,
572,10,Oct 26 2024,7:00 PM,Sat,Utah State,,@,Wyoming,,
573,10,Oct 26 2024,3:30 PM,Sat,Wagner,,@,Massachusetts,,
574,10,Oct 26 2024,TBD,Sat,Wake Forest,,@,Stanford,,
575,10,Oct 26 2024,TBD,Sat,(2) Washington,,@,Indiana,,
576,10,Oct 26 2024,10:30 PM,Sat,Washington State,,@,San Diego State,,
577,10,Oct 26 2024,TBD,Sat,West Virginia,,@,(11) Arizona,,
578,10,Oct 27 2024,12:00 AM,Sun,Nevada,,@,Hawaii,,
579,11,Oct 29 2024,7:30 PM,Tue,Louisiana,,@,Texas State,,
580,11,Oct 29 2024,8:00 PM,Tue,Louisiana Tech,,@,Sam Houston,,
581,11,Oct 29 2024,7:00 PM,Tue,New Mexico State,,@,Florida International,,
582,11,Oct 30 2024,7:00 PM,Wed,Jacksonville State,,@,(25) Liberty,,
583,11,Oct 30 2024,7:30 PM,Wed,Kennesaw State,,@,Western Kentucky,,
584,11,Oct 31 2024,7:30 PM,Thu,Tulane,,@,Charlotte,,
585,11,Nov 1 2024,7:00 PM,Fri,Georgia State,,@,Connecticut,,
586,11,Nov 1 2024,8:00 PM,Fri,San Diego State,,@,Boise State,,
587,11,Nov 1 2024,7:30 PM,Fri,South Florida,,@,Florida Atlantic,,
588,11,Nov 2 2024,12:00 PM,Sat,Air Force,,@,Army,,
589,11,Nov 2 2024,TBD,Sat,(11) Arizona,,@,Central Florida,,
590,11,Nov 2 2024,TBD,Sat,Arizona State,,@,(16) Oklahoma State,,
591,11,Nov 2 2024,TBD,Sat,Buffalo,,@,Akron,,
592,11,Nov 2 2024,TBD,Sat,Coastal Carolina,,@,Troy,,
593,11,Nov 2 2024,8:00 PM,Sat,Colorado State,,@,Nevada,,
594,11,Nov 2 2024,TBD,Sat,Duke,,@,Miami (FL),,
595,11,Nov 2 2024,3:30 PM,Sat,(4) Georgia,,N,Florida,,
596,11,Nov 2 2024,TBD,Sat,Georgia Southern,,@,South Alabama,,
597,11,Nov 2 2024,TBD,Sat,Hawaii,,@,Fresno State,,
598,11,Nov 2 2024,TBD,Sat,Indiana,,@,Michigan State,,
599,11,Nov 2 2024,TBD,Sat,(18) Kansas State,,@,Houston,,
600,11,Nov 2 2024,TBD,Sat,Kentucky,,@,(17) Tennessee,,
601,11,Nov 2 2024,TBD,Sat,Louisiana-Monroe,,@,Marshall,,
602,11,Nov 2 2024,TBD,Sat,(19) Louisville,,@,(20) Clemson,,
603,11,Nov 2 2024,2:30 PM,Sat,Maine,,@,(15) Oklahoma,,
604,11,Nov 2 2024,4:15 PM,Sat,Massachusetts,,@,Mississippi State,,
605,11,Nov 2 2024,TBD,Sat,Memphis,,@,Texas-San Antonio,,
606,11,Nov 2 2024,3:30 PM,Sat,Middle Tennessee State,,@,Texas-El Paso,,
607,11,Nov 2 2024,TBD,Sat,Minnesota,,@,Illinois,,
608,11,Nov 2 2024,TBD,Sat,(9) Mississippi,,@,Arkansas,,
609,11,Nov 2 2024,TBD,Sat,Navy,,@,Rice,,
610,11,Nov 2 2024,TBD,Sat,North Carolina,,@,(6) Florida State,,
611,11,Nov 2 2024,TBD,Sat,Northwestern,,@,Purdue,,
612,11,Nov 2 2024,TBD,Sat,(10) Ohio State,,@,(13) Penn State,,
613,11,Nov 2 2024,TBD,Sat,Old Dominion,,@,Appalachian State,,
614,11,Nov 2 2024,TBD,Sat,(6) Oregon,,@,(1) Michigan,,
615,11,Nov 2 2024,TBD,Sat,Pittsburgh,,@,(22) Southern Methodist,,
616,11,Nov 2 2024,TBD,Sat,Southern California,,@,(2) Washington,,
617,11,Nov 2 2024,TBD,Sat,Stanford,,@,(21) North Carolina State,,
618,11,Nov 2 2024,TBD,Sat,Texas A&M,,@,South Carolina,,
619,11,Nov 2 2024,TBD,Sat,Texas Christian,,@,Baylor,,
620,11,Nov 2 2024,TBD,Sat,Texas Tech,,@,Iowa State,,
621,11,Nov 2 2024,TBD,Sat,Toledo,,@,Eastern Michigan,,
622,11,Nov 2 2024,TBD,Sat,Tulsa,,@,Alabama-Birmingham,,
623,11,Nov 2 2024,TBD,Sat,UCLA,,@,Nebraska,,
624,11,Nov 2 2024,TBD,Sat,Vanderbilt,,@,Auburn,,
625,11,Nov 2 2024,TBD,Sat,Virginia Tech,,@,Syracuse,,
626,11,Nov 2 2024,TBD,Sat,Wisconsin,,@,(24) Iowa,,
627,11,Nov 2 2024,4:00 PM,Sat,Wyoming,,@,New Mexico,,
628,12,Nov 5 2024,TBD,Tue,Bowling Green,,@,Central Michigan,,
629,12,Nov 5 2024,TBD,Tue,Miami (OH),,@,Ball State,,
630,12,Nov 6 2024,7:00 PM,Wed,Northern Illinois,,@,Western Michigan,,
631,12,Nov 6 2024,7:00 PM,Wed,Ohio,,@,Kent State,,
632,12,Nov 7 2024,8:00 PM,Thu,Appalachian State,,@,Coastal Carolina,,
633,12,Nov 7 2024,8:00 PM,Thu,Florida Atlantic,,@,East Carolina,,
634,12,Nov 8 2024,8:00 PM,Fri,California,,@,Wake Forest,,
635,12,Nov 8 2024,9:00 PM,Fri,(24) Iowa,,@,UCLA,,
636,12,Nov 8 2024,10:30 PM,Fri,New Mexico,,@,San Diego State,,
637,12,Nov 8 2024,9:00 PM,Fri,Rice,,@,Memphis,,
638,12,Nov 9 2024,TBD,Sat,(5) Alabama,,@,(12) Louisiana State,,
639,12,Nov 9 2024,TBD,Sat,Arkansas State,,@,Louisiana,,
640,12,Nov 9 2024,TBD,Sat,Army,,@,North Texas,,
641,12,Nov 9 2024,TBD,Sat,Brigham Young,,@,Utah,,
642,12,Nov 9 2024,TBD,Sat,Central Florida,,@,Arizona State,,
643,12,Nov 9 2024,TBD,Sat,(20) Clemson,,@,Virginia Tech,,
644,12,Nov 9 2024,TBD,Sat,Colorado,,@,Texas Tech,,
645,12,Nov 9 2024,TBD,Sat,Connecticut,,@,Alabama-Birmingham,,
646,12,Nov 9 2024,TBD,Sat,Duke,,@,(21) North Carolina State,,
647,12,Nov 9 2024,12:00 PM,Sat,Florida,,@,(3) Texas,,
648,12,Nov 9 2024,7:30 PM,Sat,(6) Florida State,,@,(14) Notre Dame,,
649,12,Nov 9 2024,TBD,Sat,Fresno State,,@,Air Force,,
650,12,Nov 9 2024,TBD,Sat,(4) Georgia,,@,(9) Mississippi,,
651,12,Nov 9 2024,TBD,Sat,Georgia State,,@,James Madison,,
652,12,Nov 9 2024,TBD,Sat,Iowa State,,@,(23) Kansas,,
653,12,Nov 9 2024,4:30 PM,Sat,Jacksonville State,,@,Louisiana Tech,,
654,12,Nov 9 2024,4:00 PM,Sat,Kennesaw State,,@,Texas-El Paso,,
655,12,Nov 9 2024,1:00 PM,Sat,(25) Liberty,,@,Middle Tennessee State,,
656,12,Nov 9 2024,TBD,Sat,Marshall,,@,Southern Mississippi,,
657,12,Nov 9 2024,TBD,Sat,Maryland,,@,(6) Oregon,,
658,12,Nov 9 2024,TBD,Sat,Miami (FL),,@,Georgia Tech,,
659,12,Nov 9 2024,TBD,Sat,(1) Michigan,,@,Indiana,,
660,12,Nov 9 2024,TBD,Sat,Minnesota,,@,Rutgers,,
661,12,Nov 9 2024,TBD,Sat,Mississippi State,,@,(17) Tennessee,,
662,12,Nov 9 2024,TBD,Sat,Navy,,@,South Florida,,
663,12,Nov 9 2024,TBD,Sat,Nevada,,@,Boise State,,
664,12,Nov 9 2024,9:00 PM,Sat,Nevada-Las Vegas,,@,Hawaii,,
665,12,Nov 9 2024,TBD,Sat,(15) Oklahoma,,@,(8) Missouri,,
666,12,Nov 9 2024,TBD,Sat,(16) Oklahoma State,,@,Texas Christian,,
667,12,Nov 9 2024,TBD,Sat,Purdue,,@,(10) Ohio State,,
668,12,Nov 9 2024,TBD,Sat,San Jose State,,@,Oregon State,,
669,12,Nov 9 2024,TBD,Sat,South Carolina,,@,Vanderbilt,,
670,12,Nov 9 2024,TBD,Sat,Syracuse,,@,Boston College,,
671,12,Nov 9 2024,TBD,Sat,Temple,,@,Tulane,,
672,12,Nov 9 2024,TBD,Sat,Texas State,,@,Louisiana-Monroe,,
673,12,Nov 9 2024,TBD,Sat,Utah State,,@,Washington State,,
674,12,Nov 9 2024,TBD,Sat,Virginia,,@,Pittsburgh,,
675,12,Nov 9 2024,TBD,Sat,(2) Washington,,@,(13) Penn State,,
676,12,Nov 9 2024,TBD,Sat,West Virginia,,@,Cincinnati,,
677,12,Nov 9 2024,6:00 PM,Sat,Western Kentucky,,@,New Mexico State,,
678,13,Nov 12 2024,7:00 PM,Tue,Ball State,,@,Buffalo,,
679,13,Nov 12 2024,7:00 PM,Tue,Central Michigan,,@,Toledo,,
680,13,Nov 12 2024,7:00 PM,Tue,Western Michigan,,@,Bowling Green,,
681,13,Nov 13 2024,7:00 PM,Wed,Akron,,@,Northern Illinois,,
682,13,Nov 13 2024,7:00 PM,Wed,Eastern Michigan,,@,Ohio,,
683,13,Nov 13 2024,7:00 PM,Wed,Kent State,,@,Miami (OH),,
684,13,Nov 14 2024,7:30 PM,Thu,East Carolina,,@,Tulsa,,
685,13,Nov 15 2024,10:15 PM,Fri,Houston,,@,(11) Arizona,,
686,13,Nov 15 2024,9:00 PM,Fri,North Texas,,@,Texas-San Antonio,,
687,13,Nov 15 2024,9:00 PM,Fri,UCLA,,@,(2) Washington,,
688,13,Nov 15 2024,8:00 PM,Fri,Wyoming,,@,Colorado State,,
689,13,Nov 16 2024,TBD,Sat,Alabama-Birmingham,,@,Memphis,,
690,13,Nov 16 2024,TBD,Sat,Arizona State,,@,(18) Kansas State,,
691,13,Nov 16 2024,TBD,Sat,Arkansas State,,@,Georgia State,,
692,13,Nov 16 2024,TBD,Sat,Baylor,,@,West Virginia,,
693,13,Nov 16 2024,7:00 PM,Sat,Boise State,,@,San Jose State,,
694,13,Nov 16 2024,TBD,Sat,Boston College,,@,(22) Southern Methodist,,
695,13,Nov 16 2024,TBD,Sat,Cincinnati,,@,Iowa State,,
696,13,Nov 16 2024,TBD,Sat,(20) Clemson,,@,Pittsburgh,,
697,13,Nov 16 2024,TBD,Sat,Coastal Carolina,,@,Marshall,,
698,13,Nov 16 2024,TBD,Sat,Florida Atlantic,,@,Temple,,
699,13,Nov 16 2024,2:00 PM,Sat,Florida International,,@,Jacksonville State,,
700,13,Nov 16 2024,TBD,Sat,Hawaii,,@,Utah State,,
701,13,Nov 16 2024,TBD,Sat,James Madison,,@,Old Dominion,,
702,13,Nov 16 2024,TBD,Sat,(23) Kansas,,@,Brigham Young,,
703,13,Nov 16 2024,TBD,Sat,(25) Liberty,,@,Massachusetts,,
704,13,Nov 16 2024,TBD,Sat,(12) Louisiana State,,@,Florida,,
705,13,Nov 16 2024,12:00 PM,Sat,Louisiana Tech,,@,Western Kentucky,,
706,13,Nov 16 2024,12:45 PM,Sat,Louisiana-Monroe,,@,Auburn,,
707,13,Nov 16 2024,TBD,Sat,(19) Louisville,,@,Stanford,,
708,13,Nov 16 2024,2:00 PM,Sat,Mercer,,@,(5) Alabama,,
709,13,Nov 16 2024,TBD,Sat,Michigan State,,@,Illinois,,
710,13,Nov 16 2024,TBD,Sat,(8) Missouri,,@,South Carolina,,
711,13,Nov 16 2024,1:30 PM,Sat,Murray State,,@,Kentucky,,
712,13,Nov 16 2024,TBD,Sat,Nebraska,,@,Southern California,,
713,13,Nov 16 2024,7:45 PM,Sat,New Mexico State,,@,Texas A&M,,
714,13,Nov 16 2024,TBD,Sat,(10) Ohio State,,@,Northwestern,,
715,13,Nov 16 2024,TBD,Sat,(6) Oregon,,@,Wisconsin,,
716,13,Nov 16 2024,3:30 PM,Sat,Oregon State,,@,Air Force,,
717,13,Nov 16 2024,TBD,Sat,(13) Penn State,,@,Purdue,,
718,13,Nov 16 2024,TBD,Sat,Rutgers,,@,Maryland,,
719,13,Nov 16 2024,3:00 PM,Sat,Sam Houston,,@,Kennesaw State,,
720,13,Nov 16 2024,10:30 PM,Sat,San Diego State,,@,Nevada-Las Vegas,,
721,13,Nov 16 2024,TBD,Sat,South Alabama,,@,Louisiana,,
722,13,Nov 16 2024,TBD,Sat,South Florida,,@,Charlotte,,
723,13,Nov 16 2024,TBD,Sat,Southern Mississippi,,@,Texas State,,
724,13,Nov 16 2024,TBD,Sat,Syracuse,,@,California,,
725,13,Nov 16 2024,TBD,Sat,(17) Tennessee,,@,(4) Georgia,,
726,13,Nov 16 2024,12:00 PM,Sat,(3) Texas,,@,Arkansas,,
727,13,Nov 16 2024,TBD,Sat,Troy,,@,Georgia Southern,,
728,13,Nov 16 2024,12:00 PM,Sat,Tulane,,@,Navy,,
729,13,Nov 16 2024,TBD,Sat,Utah,,@,Colorado,,
730,13,Nov 16 2024,3:30 PM,Sat,Virginia,,@,(14) Notre Dame,,
731,13,Nov 16 2024,TBD,Sat,Wake Forest,,@,North Carolina,,
732,13,Nov 16 2024,TBD,Sat,Washington State,,@,New Mexico,,
733,14,Nov 19 2024,TBD,Tue,Akron,,@,Kent State,,
734,14,Nov 19 2024,TBD,Tue,Northern Illinois,,@,Miami (OH),,
735,14,Nov 19 2024,TBD,Tue,Western Michigan,,@,Central Michigan,,
736,14,Nov 20 2024,7:00 PM,Wed,Buffalo,,@,Eastern Michigan,,
737,14,Nov 20 2024,7:00 PM,Wed,Ohio,,@,Toledo,,
738,14,Nov 21 2024,7:30 PM,Thu,(21) North Carolina State,,@,Georgia Tech,,
739,14,Nov 22 2024,TBD,Fri,Nevada-Las Vegas,,@,San Jose State,,
740,14,Nov 22 2024,TBD,Fri,Purdue,,@,Michigan State,,
741,14,Nov 22 2024,7:00 PM,Fri,Temple,,@,Texas-San Antonio,,
742,14,Nov 23 2024,TBD,Sat,Air Force,,@,Nevada,,
743,14,Nov 23 2024,TBD,Sat,(5) Alabama,,@,(15) Oklahoma,,
744,14,Nov 23 2024,TBD,Sat,(11) Arizona,,@,Texas Christian,,
745,14,Nov 23 2024,7:00 PM,Sat,Army,,N,(14) Notre Dame,,
746,14,Nov 23 2024,TBD,Sat,Baylor,,@,Houston,,
747,14,Nov 23 2024,7:00 PM,Sat,Boise State,,@,Wyoming,,
748,14,Nov 23 2024,TBD,Sat,Bowling Green,,@,Ball State,,
749,14,Nov 23 2024,TBD,Sat,Brigham Young,,@,Arizona State,,
750,14,Nov 23 2024,TBD,Sat,Central Florida,,@,West Virginia,,
751,14,Nov 23 2024,TBD,Sat,Charleston Southern,,@,(6) Florida State,,
752,14,Nov 23 2024,TBD,Sat,Charlotte,,@,Florida Atlantic,,
753,14,Nov 23 2024,TBD,Sat,Cincinnati,,@,(18) Kansas State,,
754,14,Nov 23 2024,TBD,Sat,Citadel,,@,(20) Clemson,,
755,14,Nov 23 2024,TBD,Sat,Colorado,,@,(23) Kansas,,
756,14,Nov 23 2024,10:30 PM,Sat,Colorado State,,@,Fresno State,,
757,14,Nov 23 2024,TBD,Sat,Connecticut,,@,Syracuse,,
758,14,Nov 23 2024,TBD,Sat,East Carolina,,@,North Texas,,
759,14,Nov 23 2024,3:00 PM,Sat,Florida International,,@,Kennesaw State,,
760,14,Nov 23 2024,TBD,Sat,Georgia Southern,,@,Coastal Carolina,,
761,14,Nov 23 2024,TBD,Sat,Georgia State,,@,Texas State,,
762,14,Nov 23 2024,TBD,Sat,Illinois,,@,Rutgers,,
763,14,Nov 23 2024,TBD,Sat,Indiana,,@,(10) Ohio State,,
764,14,Nov 23 2024,TBD,Sat,(24) Iowa,,@,Maryland,,
765,14,Nov 23 2024,TBD,Sat,Iowa State,,@,Utah,,
766,14,Nov 23 2024,TBD,Sat,James Madison,,@,Appalachian State,,
767,14,Nov 23 2024,TBD,Sat,Kentucky,,@,(3) Texas,,
768,14,Nov 23 2024,TBD,Sat,Louisiana Tech,,@,Arkansas,,
769,14,Nov 23 2024,TBD,Sat,Louisiana-Monroe,,@,Arkansas State,,
770,14,Nov 23 2024,TBD,Sat,Marshall,,@,Old Dominion,,
771,14,Nov 23 2024,12:45 PM,Sat,Massachusetts,,@,(4) Georgia,,
772,14,Nov 23 2024,12:00 PM,Sat,(9) Mississippi,,@,Florida,,
773,14,Nov 23 2024,TBD,Sat,(8) Missouri,,@,Mississippi State,,
774,14,Nov 23 2024,2:30 PM,Sat,New Mexico State,,@,Middle Tennessee State,,
775,14,Nov 23 2024,TBD,Sat,North Carolina,,@,Boston College,,
776,14,Nov 23 2024,TBD,Sat,Northwestern,,@,(1) Michigan,,
777,14,Nov 23 2024,TBD,Sat,(13) Penn State,,@,Minnesota,,
778,14,Nov 23 2024,TBD,Sat,Pittsburgh,,@,(19) Louisville,,
779,14,Nov 23 2024,TBD,Sat,Rice,,@,Alabama-Birmingham,,
780,14,Nov 23 2024,12:00 PM,Sat,Sam Houston,,@,Jacksonville State,,
781,14,Nov 23 2024,3:30 PM,Sat,San Diego State,,@,Utah State,,
782,14,Nov 23 2024,TBD,Sat,South Alabama,,@,Southern Mississippi,,
783,14,Nov 23 2024,TBD,Sat,Southern California,,@,UCLA,,
784,14,Nov 23 2024,TBD,Sat,(22) Southern Methodist,,@,Virginia,,
785,14,Nov 23 2024,TBD,Sat,Stanford,,@,California,,
786,14,Nov 23 2024,TBD,Sat,Texas A&M,,@,Auburn,,
787,14,Nov 23 2024,TBD,Sat,Texas Tech,,@,(16) Oklahoma State,,
788,14,Nov 23 2024,1:00 PM,Sat,Texas-El Paso,,@,(17) Tennessee,,
789,14,Nov 23 2024,TBD,Sat,Troy,,@,Louisiana,,
790,14,Nov 23 2024,TBD,Sat,Tulsa,,@,South Florida,,
791,14,Nov 23 2024,TBD,Sat,Vanderbilt,,@,(12) Louisiana State,,
792,14,Nov 23 2024,TBD,Sat,Virginia Tech,,@,Duke,,
793,14,Nov 23 2024,TBD,Sat,Wake Forest,,@,Miami (FL),,
794,14,Nov 23 2024,6:30 PM,Sat,Washington State,,@,Oregon State,,
795,14,Nov 23 2024,1:00 PM,Sat,Western Kentucky,,@,(25) Liberty,,
796,14,Nov 23 2024,TBD,Sat,Wisconsin,,@,Nebraska,,
797,14,Nov 23 2024,4:00 PM,Sat,Wofford,,@,South Carolina,,
798,15,Nov 26 2024,7:00 PM,Tue,Kent State,,@,Buffalo,,
799,15,Nov 26 2024,7:00 PM,Tue,Toledo,,@,Akron,,
800,15,Nov 28 2024,7:30 PM,Thu,Memphis,,@,Tulane,,
801,15,Nov 29 2024,TBD,Fri,Alabama-Birmingham,,@,Charlotte,,
802,15,Nov 29 2024,TBD,Fri,Ball State,,@,Ohio,,
803,15,Nov 29 2024,7:30 PM,Fri,Georgia Tech,,@,(4) Georgia,,
804,15,Nov 29 2024,3:30 PM,Fri,(25) Liberty,,@,Sam Houston,,
805,15,Nov 29 2024,12:00 PM,Fri,Miami (OH),,@,Bowling Green,,
806,15,Nov 29 2024,12:00 PM,Fri,Minnesota,,@,Wisconsin,,
807,15,Nov 29 2024,3:30 PM,Fri,Mississippi State,,@,(9) Mississippi,,
808,15,Nov 29 2024,TBD,Fri,Navy,,@,East Carolina,,
809,15,Nov 29 2024,7:30 PM,Fri,Nebraska,,@,(24) Iowa,,
810,15,Nov 29 2024,12:00 PM,Fri,(16) Oklahoma State,,@,Colorado,,
811,15,Nov 29 2024,4:00 PM,Fri,Stanford,,@,San Jose State,,
812,15,Nov 29 2024,3:30 PM,Fri,Texas State,,@,South Alabama,,
813,15,Nov 29 2024,8:00 PM,Fri,Utah,,@,Central Florida,,
814,15,Nov 29 2024,TBD,Fri,Utah State,,@,Colorado State,,
815,15,Nov 30 2024,TBD,Sat,Air Force,,@,San Diego State,,
816,15,Nov 30 2024,TBD,Sat,Appalachian State,,@,Georgia Southern,,
817,15,Nov 30 2024,TBD,Sat,Arizona State,,@,(11) Arizona,,
818,15,Nov 30 2024,TBD,Sat,Arkansas,,@,(8) Missouri,,
819,15,Nov 30 2024,TBD,Sat,Auburn,,@,(5) Alabama,,
820,15,Nov 30 2024,TBD,Sat,California,,@,(22) Southern Methodist,,
821,15,Nov 30 2024,TBD,Sat,Central Michigan,,@,Northern Illinois,,
822,15,Nov 30 2024,TBD,Sat,Coastal Carolina,,@,Georgia State,,
823,15,Nov 30 2024,TBD,Sat,Connecticut,,@,Massachusetts,,
824,15,Nov 30 2024,TBD,Sat,Duke,,@,Wake Forest,,
825,15,Nov 30 2024,TBD,Sat,Eastern Michigan,,@,Western Michigan,,
826,15,Nov 30 2024,TBD,Sat,Florida,,@,(6) Florida State,,
827,15,Nov 30 2024,TBD,Sat,Florida Atlantic,,@,Tulsa,,
828,15,Nov 30 2024,TBD,Sat,Fresno State,,@,UCLA,,
829,15,Nov 30 2024,TBD,Sat,Houston,,@,Brigham Young,,
830,15,Nov 30 2024,TBD,Sat,Illinois,,@,Northwestern,,
831,15,Nov 30 2024,3:30 PM,Sat,Jacksonville State,,@,Western Kentucky,,
832,15,Nov 30 2024,TBD,Sat,(23) Kansas,,@,Baylor,,
833,15,Nov 30 2024,TBD,Sat,(18) Kansas State,,@,Iowa State,,
834,15,Nov 30 2024,3:00 PM,Sat,Kennesaw State,,@,Louisiana Tech,,
835,15,Nov 30 2024,TBD,Sat,Louisiana,,@,Louisiana-Monroe,,
836,15,Nov 30 2024,TBD,Sat,(19) Louisville,,@,Kentucky,,
837,15,Nov 30 2024,TBD,Sat,Marshall,,@,James Madison,,
838,15,Nov 30 2024,TBD,Sat,Maryland,,@,(13) Penn State,,
839,15,Nov 30 2024,TBD,Sat,Miami (FL),,@,Syracuse,,
840,15,Nov 30 2024,12:00 PM,Sat,(1) Michigan,,@,(10) Ohio State,,
841,15,Nov 30 2024,2:00 PM,Sat,Middle Tennessee State,,@,Florida International,,
842,15,Nov 30 2024,8:00 PM,Sat,Nevada,,@,Nevada-Las Vegas,,
843,15,Nov 30 2024,11:00 PM,Sat,New Mexico,,@,Hawaii,,
844,15,Nov 30 2024,TBD,Sat,(21) North Carolina State,,@,North Carolina,,
845,15,Nov 30 2024,TBD,Sat,North Texas,,@,Temple,,
846,15,Nov 30 2024,TBD,Sat,(14) Notre Dame,,@,Southern California,,
847,15,Nov 30 2024,TBD,Sat,(15) Oklahoma,,@,(12) Louisiana State,,
848,15,Nov 30 2024,TBD,Sat,Old Dominion,,@,Arkansas State,,
849,15,Nov 30 2024,12:00 PM,Sat,Oregon State,,@,Boise State,,
850,15,Nov 30 2024,TBD,Sat,Pittsburgh,,@,Boston College,,
851,15,Nov 30 2024,TBD,Sat,Purdue,,@,Indiana,,
852,15,Nov 30 2024,TBD,Sat,Rutgers,,@,Michigan State,,
853,15,Nov 30 2024,TBD,Sat,South Carolina,,@,(20) Clemson,,
854,15,Nov 30 2024,TBD,Sat,South Florida,,@,Rice,,
855,15,Nov 30 2024,TBD,Sat,Southern Mississippi,,@,Troy,,
856,15,Nov 30 2024,TBD,Sat,(17) Tennessee,,@,Vanderbilt,,
857,15,Nov 30 2024,TBD,Sat,(3) Texas,,@,Texas A&M,,
858,15,Nov 30 2024,TBD,Sat,Texas Christian,,@,Cincinnati,,
859,15,Nov 30 2024,4:00 PM,Sat,Texas-El Paso,,@,New Mexico State,,
860,15,Nov 30 2024,12:00 PM,Sat,Texas-San Antonio,,@,Army,,
861,15,Nov 30 2024,TBD,Sat,Virginia,,@,Virginia Tech,,
862,15,Nov 30 2024,TBD,Sat,(2) Washington,,@,(6) Oregon,,
863,15,Nov 30 2024,TBD,Sat,West Virginia,,@,Texas Tech,,
864,15,Nov 30 2024,6:30 PM,Sat,Wyoming,,@,Washington State,,
865,16,Dec 14 2024,3:00 PM,Sat,Army,,N,Navy,,
